Miles,Picture,Price,TimeSpan,Title
5.000 km (anpassbar),https://www.leasingmarkt.de/data/resized/V1_123436329_300x224_0.jpg,"558,11 €",60 Monate (anpassbar),Mercedes-Benz Sprinter ELEKTRO III Kasten FWD ❗ SOFOR VERFÜGBAR✔
10.000 km (anpassbar),https://www.leasingmarkt.de/data/resized/V1_123572106_300x224_3.jpg,"476,66 €",18 Monate (anpassbar),Mercedes-Benz C 180 Aut. LED Nav ParkAss Kam SHZ SpiegelP 17Z
5.000 km (anpassbar),https://www.leasingmarkt.de/data/resized/V1_123155862_300x224_1.jpg,599,60 Monate (anpassbar),Mercedes-Benz EQB 250 OKTOBER 2022 Progressive KEYLESS-GO PANO TOTWINKEL LED 3. SITZREIHE
5.000 km (anpassbar),https://www.leasingmarkt.de/data/resized/V1_123365448_300x224_3.jpg,"470,25 €",60 Monate (anpassbar),Mercedes-Benz Sprinter E- III 312 Kasten h inkl. Förd.*
10.000 km (anpassbar),https://www.leasingmarkt.de/data/resized/V1_123674019_300x224_0.jpg,289,48 Monate (anpassbar),Mercedes-Benz C 200 CGI T-Modell - Inspektion + HU/AU NEU
10.000 km (anpassbar),https://www.leasingmarkt.de/data/resized/V1_122815755_300x224_0.png,"593,81 €",48 Monate (anpassbar),Mercedes-Benz Sprinter III Kasten 315 CDI Standard Hochdach❗SOFORT✔
10.000 km (anpassbar),https://www.leasingmarkt.de/data/resized/V1_123283566_300x224_1.jpg,479,60 Monate (anpassbar),Mercedes-Benz B 250 e Business-Paket LIEFERUNG IM Q4 2022 !! Progressive - Multibeam LED- AHK
5.000 km (anpassbar),https://www.leasingmarkt.de/data/resized/V1_123365472_300x224_3.jpg,"474,29 €",60 Monate (anpassbar),Mercedes-Benz Sprinter E- III 312 Kasten h inkl. Förd.*
10.000 km (anpassbar),https://www.leasingmarkt.de/data/resized/V1_123334050_300x224_0.png,2.999,40 Monate (anpassbar),Mercedes-Benz G 63 AMG *sofort**Performance Leasing*
10.000 km (anpassbar),https://www.leasingmarkt.de/data/resized/V1_123746354_300x224_0.jpg,"605,71 €",48 Monate (anpassbar),Mercedes-Benz Sprinter III Kasten 314 CDI RWD Lang❗SOFORT VERFÜGBAR✔
10.000 km (anpassbar),https://www.leasingmarkt.de/data/resized/V1_122825703_300x224_0.png,"322,51 €",48 Monate (anpassbar),BMW 218 i Gran Coupe - Sonderaktion - M-Sportpaket!!!
10.000 km (anpassbar),https://www.leasingmarkt.de/data/resized/V1_123445155_300x224_1.jpeg,399,48 Monate (anpassbar),"BMW 118 i M- SPORT 18"" HIFI SONNENSCHUTZ STEPTRONIC"
10.000 km (anpassbar),https://www.leasingmarkt.de/data/resized/V1_123690099_300x224_1.jpg,"598,82 €",42 Monate (anpassbar),"BMW X3 M40i LED, Navi, Leder, Head-Up, Pano, AHK, Driv.Ass.+, Park.Ass.+, Standhzg., uvm."
10.000 km (anpassbar),https://www.leasingmarkt.de/data/resized/V1_123793730_300x224_0.jpg,"356,22 €",36 Monate (anpassbar),BMW 118 i sofort verfügbar 5-türer Navi.+HiFi+DAB+LED+WLAN+Komfortzg.+SHZ+BT+LMR
10.000 km (anpassbar),https://www.leasingmarkt.de/data/resized/V1_120662004_300x224_0.png,307,48 Monate (anpassbar),"Audi A1 Sportback 30 TFSI S tr. *LED*22,5%*"
10.000 km (anpassbar),https://www.leasingmarkt.de/data/resized/V1_123792125_300x224_0.jpg,399,36 Monate (anpassbar),BMW 118 i Advantage + HiFi + Tempomat +Shz + PDC
10.000 km (anpassbar),https://www.leasingmarkt.de/data/resized/V1_123737417_300x224_1.jpg,"392,85 €",48 Monate (anpassbar),BMW 118 i Advantage Navi SH LED Automatik Sofort Verfügbar!
10.000 km (anpassbar),https://www.leasingmarkt.de/data/resized/V1_123793496_300x224_0.jpg,330,48 Monate (anpassbar),BMW 118 i TEMPOMAT NAVI DAB KLIMA PDC 16
10.000 km (anpassbar),https://www.leasingmarkt.de/data/resized/V1_122936967_300x224_9.jpg,318,48 Monate (anpassbar),Audi A4 Avant 35TDI Stronic Navi LED Standheizung GRA EPH DAB
10.000 km (anpassbar),https://www.leasingmarkt.de/data/resized/V1_123744644_300x224_3.jpg,395,48 Monate (anpassbar),Audi A6 design 45TFSI qu. Stronic Navi LED ACC
10.000 km (anpassbar),https://www.leasingmarkt.de/data/resized/V1_123744650_300x224_3.jpg,340,48 Monate (anpassbar),Audi A4 Avant advanced 40TDI qu. Stronic Navi ACC AHK
10.000 km (anpassbar),https://www.leasingmarkt.de/data/resized/V1_123737081_300x224_1.jpg,"628,97 €",48 Monate (anpassbar),BMW X3 xD 20i M-Paket Laser Navi HiFi RFK SH Sofort Verfügbar!
10.000 km (anpassbar),https://www.leasingmarkt.de/data/resized/V1_122928888_300x224_1.jpg,439,42 Monate (anpassbar),"BMW 320 d xDrive Touring Aut. Advantage, Komfortzugang, SHZ, Sportsitze, PDC"
10.000 km (anpassbar),https://www.leasingmarkt.de/data/resized/V1_123739337_300x224_0.jpg,969,48 Monate (anpassbar),BMW X5 xDrive30d | verfügbar ab 02/23 | M Sportpaket DAB Standheizung DAP Head-Up
10.000 km (anpassbar),https://www.leasingmarkt.de/data/resized/V1_123778703_300x224_4.jpg,374,48 Monate (anpassbar),Audi A4 Avant advanced 45TFSI qu. Stronic Navi LED ACC
10.000 km (anpassbar),https://www.leasingmarkt.de/data/resized/V1_123566565_300x224_0.jpg,"668,78 €",48 Monate (anpassbar),Audi e-tron Sportback 55 quattro S-line Matrix/Head-up/B&O/Kamera/ACC/Assist/uvm.
10.000 km (anpassbar),https://www.leasingmarkt.de/data/resized/V1_123822524_300x224_2.jpg,348,48 Monate (anpassbar),Audi A4 Avant advanced 40TFSI qu. Navi LED ACC EPH
10.000 km (anpassbar),https://www.leasingmarkt.de/data/resized/V1_123744620_300x224_3.jpg,447,48 Monate (anpassbar),Audi A6 Avant design 40TDI Stronic Navi LED ACC Panorama
10.000 km (anpassbar),https://www.leasingmarkt.de/data/resized/V1_123757649_300x224_3.jpg,381,48 Monate (anpassbar),Audi A4 Avant advanced 45TFSI qu. Stronic Navi LED ACC
10.000 km (anpassbar),https://www.leasingmarkt.de/data/resized/V1_123822488_300x224_2.jpg,349,48 Monate (anpassbar),Audi A4 Avant advanced 40TFSI Stronic Navi GRA Panorama
Miles,Picture,Price,TimeSpan,Title
Kilometerleasingvertrag mit Kaufoption,,,48 Monate, Keine Lust zu konfigurieren? 
Kilometerleasingvertrag mit Kaufoption,,,48 Monate, Keine Lust zu konfigurieren? 
Kilometerleasingvertrag mit Kaufoption,,,48 Monate, Keine Lust zu konfigurieren? 
Kilometerleasingvertrag mit Kaufoption,,195 €,48 Monate, A1 
Kilometerleasingvertrag mit Kaufoption,,242 €,48 Monate, Q2 
Kilometerleasingvertrag mit Kaufoption,,261 €,48 Monate, A3 
Kilometerleasingvertrag mit Kaufoption,,359 €,48 Monate, Q3 
Kilometerleasingvertrag mit Kaufoption,,360 €,48 Monate, Q3 Sportback 
Kilometerleasingvertrag mit Kaufoption,,386 €,48 Monate, A4 
Kilometerleasingvertrag mit Kaufoption,,389 €,48 Monate, TT 
Kilometerleasingvertrag mit Kaufoption,,273 €,48 Monate, 1er-Reihe 
Kilometerleasingvertrag mit Kaufoption,,325 €,48 Monate, 2er-Reihe 
Kilometerleasingvertrag mit Kaufoption,,327 €,48 Monate, 2er Gran Tourer 
Kilometerleasingvertrag mit Kaufoption,,336 €,48 Monate, 2er Active Tourer 
Kilometerleasingvertrag mit Kaufoption,,221 €,48 Monate, Citan 
Kilometerleasingvertrag mit Kaufoption,,285 €,48 Monate, T-Klasse 
Kilometerleasingvertrag mit Kaufoption,,333 €,48 Monate, B-Klasse 
Kilometerleasingvertrag mit Kaufoption,,334 €,48 Monate, CLA 
Kilometerleasingvertrag mit Kaufoption,,343 €,48 Monate, Sprinter 
Kilometerleasingvertrag mit Kaufoption,,364 €,48 Monate, Vito 
Kilometerleasingvertrag mit Kaufoption,,367 €,48 Monate, GLB 
Kilometerleasingvertrag mit Kaufoption,,378 €,48 Monate, GLA 
Kilometerleasingvertrag mit Kaufoption,,427 €,48 Monate, C-Klasse 
Kilometerleasingvertrag mit Kaufoption,,452 €,48 Monate, A-Klasse 
Kilometerleasingvertrag mit Kaufoption,,479 €,48 Monate, eSprinter 
Kilometerleasingvertrag mit Kaufoption,,514 €,48 Monate, eVito 
Kilometerleasingvertrag mit Kaufoption,,516 €,48 Monate, EQA 
Kilometerleasingvertrag mit Kaufoption,,412 €,48 Monate, A5 
Kilometerleasingvertrag mit Kaufoption,,437 €,48 Monate, SQ2 
Kilometerleasingvertrag mit Kaufoption,,451 €,48 Monate, Q5 
Kilometerleasingvertrag mit Kaufoption,,460 €,48 Monate, S3 
Kilometerleasingvertrag mit Kaufoption,,474 €,48 Monate, Q5 Sportback 
Kilometerleasingvertrag mit Kaufoption,,538 €,48 Monate, A6 
Kilometerleasingvertrag mit Kaufoption,,550 €,48 Monate, A4 allroad quattro 
Kilometerleasingvertrag mit Kaufoption,,581 €,48 Monate, TTS 
Kilometerleasingvertrag mit Kaufoption,,581 €,48 Monate, RS3 
Kilometerleasingvertrag mit Kaufoption,,614 €,48 Monate, A7 
Kilometerleasingvertrag mit Kaufoption,,667 €,48 Monate, RS Q3 Sportback 
Kilometerleasingvertrag mit Kaufoption,,338 €,48 Monate, X2 
Kilometerleasingvertrag mit Kaufoption,,387 €,48 Monate, 3er-Reihe 
Kilometerleasingvertrag mit Kaufoption,,419 €,48 Monate, Z4 
Kilometerleasingvertrag mit Kaufoption,,433 €,48 Monate, X1 
Kilometerleasingvertrag mit Kaufoption,,440 €,48 Monate, 4er-Reihe 
Kilometerleasingvertrag mit Kaufoption,,471 €,48 Monate, X3 
Kilometerleasingvertrag mit Kaufoption,,533 €,48 Monate, 5er-Reihe 
Kilometerleasingvertrag mit Kaufoption,,538 €,48 Monate, X4 
Kilometerleasingvertrag mit Kaufoption,,600 €,48 Monate, ix3 
Kilometerleasingvertrag mit Kaufoption,,674 €,48 Monate, i4 
Kilometerleasingvertrag mit Kaufoption,,537 €,48 Monate, V-Klasse 
Kilometerleasingvertrag mit Kaufoption,,552 €,48 Monate, Marco Polo 
Kilometerleasingvertrag mit Kaufoption,,578 €,48 Monate, EQB 
Kilometerleasingvertrag mit Kaufoption,,585 €,48 Monate, E-Klasse 
Kilometerleasingvertrag mit Kaufoption,,678 €,48 Monate, EQV 
Kilometerleasingvertrag mit Kaufoption,,692 €,48 Monate, CLS 
Kilometerleasingvertrag mit Kaufoption,,702 €,48 Monate, EQC 
Kilometerleasingvertrag mit Kaufoption,,808 €,48 Monate, EQE 
Kilometerleasingvertrag mit Kaufoption,,1.051 €,48 Monate, GLS 
Kilometerleasingvertrag mit Kaufoption,,1.160 €,48 Monate, EQS 
Kilometerleasingvertrag mit Kaufoption,,1.255 €,48 Monate, S-Klasse 
Kilometerleasingvertrag mit Kaufoption,,673 €,48 Monate, A6 allroad quattro 
Kilometerleasingvertrag mit Kaufoption,,679 €,48 Monate, SQ5 
Kilometerleasingvertrag mit Kaufoption,,679 €,48 Monate, RS Q3 
Kilometerleasingvertrag mit Kaufoption,,685 €,48 Monate, SQ5 Sportback 
Kilometerleasingvertrag mit Kaufoption,,702 €,48 Monate, Q7 
Kilometerleasingvertrag mit Kaufoption,,708 €,48 Monate, S5 
Kilometerleasingvertrag mit Kaufoption,,719 €,48 Monate, e-tron Sportback 
Kilometerleasingvertrag mit Kaufoption,,730 €,48 Monate, Q8 
Kilometerleasingvertrag mit Kaufoption,,734 €,48 Monate, TT RS 
Kilometerleasingvertrag mit Kaufoption,,681 €,48 Monate, 6er-Reihe 
Kilometerleasingvertrag mit Kaufoption,,693 €,48 Monate, X5 
Kilometerleasingvertrag mit Kaufoption,,729 €,48 Monate, X6 
Kilometerleasingvertrag mit Kaufoption,,838 €,48 Monate, X7 
Kilometerleasingvertrag mit Kaufoption,,866 €,48 Monate, 8er-Reihe 
Kilometerleasingvertrag mit Kaufoption,,879 €,48 Monate, iX 
Kilometerleasingvertrag mit Kaufoption,,Aktuell nicht bestellbar,48 Monate, G-Klasse 
Kilometerleasingvertrag mit Kaufoption,,Aktuell nicht bestellbar,48 Monate, GLE Coupé 
Kilometerleasingvertrag mit Kaufoption,,Aktuell nicht bestellbar,48 Monate, GLC 
Kilometerleasingvertrag mit Kaufoption,,Aktuell nicht bestellbar,48 Monate, SL 
Kilometerleasingvertrag mit Kaufoption,,Auf Anfrage,48 Monate, GLC Coupé 
Kilometerleasingvertrag mit Kaufoption,,Auf Anfrage,48 Monate, EQS SUV 
Kilometerleasingvertrag mit Kaufoption,,Aktuell nicht bestellbar,48 Monate, GLE 
Kilometerleasingvertrag mit Kaufoption,,735 €,48 Monate, S4 
Kilometerleasingvertrag mit Kaufoption,,745 €,48 Monate, e-tron 
Kilometerleasingvertrag mit Kaufoption,,841 €,48 Monate, S6 
Kilometerleasingvertrag mit Kaufoption,,860 €,48 Monate, S7 
Kilometerleasingvertrag mit Kaufoption,,901 €,48 Monate, RS5 
Kilometerleasingvertrag mit Kaufoption,,903 €,48 Monate, e-tron GT 
Kilometerleasingvertrag mit Kaufoption,,917 €,48 Monate, RS4 
Kilometerleasingvertrag mit Kaufoption,,971 €,48 Monate, SQ8 
Kilometerleasingvertrag mit Kaufoption,,992 €,48 Monate, SQ7 
Kilometerleasingvertrag mit Kaufoption,,1.112 €,48 Monate, A8 
Kilometerleasingvertrag mit Kaufoption,,1.232 €,48 Monate, RS Q8 
Kilometerleasingvertrag mit Kaufoption,,1.270 €,48 Monate, RS7 
Kilometerleasingvertrag mit Kaufoption,,1.294 €,48 Monate, RS6 
Kilometerleasingvertrag mit Kaufoption,,1.724 €,48 Monate, S8 
Kilometerleasingvertrag mit Kaufoption,,Aktuell nicht bestellbar,48 Monate, Q4 Sportback 
Kilometerleasingvertrag mit Kaufoption,,1.316 €,48 Monate, 7er-Reihe 
Kilometerleasingvertrag mit Kaufoption,,Aktuell nicht bestellbar,48 Monate, I7 
Kilometerleasingvertrag mit Kaufoption,,Aktuell nicht bestellbar,48 Monate, Q4 
